Gender,item
BOY,vehicle toys
BOY,sport
BOY,military toys
BOY,race cars
BOY,outer space toys
BOY,depots
BOY,machines
BOY,doll-humanoid
BOY,action figures
BOY,gi joe action figure
BOY,spiderman
BOY,guitar
BOY,castle tent
BOY,microscope
BOY,weather forecasting toy
BOY,bug collection set
BOY,barn
BOY,grill
BOY,dinosaur toy
BOY,volcano creator
BOY,pokemon cards
BOY,space station toys
BOY,basketball hoop
BOY,gears
BOY,train set
BOY,lincoln logs
BOY,police station toy
BOY,airport toy
BOY,police officer gear
BOY,dragonballz
BOY,superhero costumes
BOY,helicopter
BOY,racetrack
BOY,remote control car
BOY,football
BOY,hockey stick
BOY,sword toy
BOY,miniature guns
BOY,truck set
BOY,remote control helicopter
BOY,sully costume
BOY,woody valentine
BOY,spiderman costume
BOY,batman costume
BOY,ninja costume
BOY,wwe action figure
BOY,action figure
BOY,toy gun
BOY,construction games
BOY,war toys
BOY,vehicles
BOY,military toys
BOY,educational material
BOY,machine
BOY,construction toys
BOY,car toys
BOY,video games
BOY,building blocks
BOY,dinosaur toys
BOY,lego cars
BOY,lego toys
BOY,computer games
BOY,spaceship lego
BOY,firefighter gear
BOY,toy soldiers
BOY,space station
BOY,science project kit
BOY,toy rocket
BOY,soccer ball
BOY,blue ipad
BOY,toy robots
BOY,toy drones
BOY,monster trucks
BOY,nerf guns
GIRL,doll
GIRL,domestic toys
GIRL,educational art
GIRL,clothes
GIRL,dollhouses
GIRL,clothing accessories
GIRL,doll accessories
GIRL,furnishing
GIRL,ballerina costume
GIRL,barbie costume
GIRL,barbie jeep
GIRL,play makeup
GIRL,bratz doll
GIRL,jewelry
GIRL,my little pony
GIRL,tea set
GIRL,vanity set
GIRL,princess costume
GIRL,baby doll
GIRL,beads
GIRL,dollhouse
GIRL,easy bake oven
GIRL,baby doll stroller
GIRL,sewing machine
GIRL,pink ice skates
GIRL,ken doll
GIRL,toy kitchen
GIRL,broom
GIRL,beanie baby bear
GIRL,toy vacuum cleaner
GIRL,my little pony
GIRL,veterinarian kit
GIRL,kitchen set
GIRL,stuffed animals
GIRL,plush toys
GIRL,unicorn
GIRL,sparkly toys
GIRL,disney doll
GIRL,baking kit
GIRL,painting kit
GIRL,dora doll
GIRL,power ranger valentine
GIRL,dorothy costume
GIRL,minnie mouse
GIRL,monster high doll
GIRL,monster high costume
GIRL,barbie doll
GIRL,baby doll
GIRL,fashion doll
GIRL,tiara
GIRL,domestic toys
GIRL,dollhouses
GIRL,craft toys
GIRL,beauty products
GIRL,beads
GIRL,tea party set
GIRL,pink doll
GIRL,cupcake maker
GIRL,makeup kit
GIRL,fashion dolls
GIRL,crochet kit
GIRL,playhouse
GIRL,baby doll stroller
GIRL,pink ice skates
GIRL,princess sword
GIRL,doctors kit
GIRL,skin care kit
GIRL,barbie furniture set
GIRL,pink ipad
NEUTRAL,toy animals
NEUTRAL,books
NEUTRAL,educational teaching
NEUTRAL,musical games
NEUTRAL,games
NEUTRAL,live animals
NEUTRAL,candy land
NEUTRAL,winnie the pooh
NEUTRAL,karaoke machine
NEUTRAL,elmo
NEUTRAL,gardening tools
NEUTRAL,crayons
NEUTRAL,doctor kit
NEUTRAL,tricycle
NEUTRAL,play-doh
NEUTRAL,leappad
NEUTRAL,trampoline
NEUTRAL,swingset
NEUTRAL,mr potato head
NEUTRAL,spongebob square pants
NEUTRAL,math flash card
NEUTRAL,wagon
NEUTRAL,bus
NEUTRAL,tree house
NEUTRAL,wood blocks
NEUTRAL,harry potter books
NEUTRAL,legos
NEUTRAL,scooter
NEUTRAL,drum set
NEUTRAL,puzzles
NEUTRAL,board games
NEUTRAL,rock painting
