BOY,GIRL,NEUTRAL
vehicle toys,doll,toy animals
sport,domestic toys,books
military toys,educational art,educational teaching
race cars,clothes,musical games
outer space toys,dollhouses,games
depots,clothing accessories,live animals
machines,doll accessories,
doll-humanoid,furnishing,
action figures,ballerina costume,candy land
gi joe action figure,barbie costume,winnie the pooh
spiderman,barbie jeep,karaoke machine
guitar,play makeup,elmo
castle tent,bratz doll,gardening tools
microscope,jewelry,crayons
monster trucks,my little pony,doctor kit
bug collection set,tea set,tricycle
barn,vanity set,play-doh
grill,princess costume,leappad
dinosaur toy,baby dolls,trampoline
volcano creator,beads,swingset
pokemon cards,dollhouse,mr potato head
space station toys,easy bake oven,spongebob square pants
basketball hoop,baby doll stroller,math flash card
gears,sewing machine,wagon
train set,pink ice skates,bus
lincoln logs,ken doll,tree house
police station toy,toy kitchen,wood blocks
airport toy,broom,harry potter books
police officer gear,beanie baby bear,legos
dragonballz,toy vacuum cleaner,scooter
superhero costumes,my little pony,drum set
helicopter,veterinarian kit,
racetrack,kitchen set,
remote control car,stuffed animals,
football,plush toys,
hockey stick,unicorn,
sword toy,sparkly toys,
miniature guns,disney doll,
truck set,baking kit,
remote control helicopter,painting kit,
sully costume,dora doll,
woody valentine,power ranger valentine,
spiderman costume,dorothy costume,
batman costume,minnie mouse,
ninja costume,monster high doll,
wwe action figure,monster high costume,
action figure,barbie,
toy gun,baby doll,
construction games,fashion doll,
war toys,tiara,puzzles
toy vehicles,domestic toys,
military toys,dollhouses,
educational material,craft toys,
nerf guns,beauty products,
construction toys,beads,
car toys,tea party set,
video games,pink doll,
building blocks,cupcake maker,
dinosaur toys,makeup kit,board games
lego cars,fashion dolls,rock painting
lego toys,crochet kit,
computer games,playhouses,
spaceship lego,baby doll stroller,
firefighter gear,pink ice skates,
soldier toys,princess sword,
space station,doctors kit,
science project kit,skin care kit,
toy rocket,barbie furniture set,
soccer ball,,
blue ipad,pink ipad,
toy robots,,
toy drones,,
